{
    "Drinks": {
        "config": {
            "color": "#3498db",
            "font": "Verdana",
            "size": 12
        },
        "items": {
            "High-Octane Soder": {
                "price": 2.99,
                "bg": "#add8e6"
            },
            "NOS": {
                "price": 29.99,
                "bg": "#0055ff"
            },
            "Classic Sweet Transmission Fluid": {
                "price": 0.99,
                "bg": "#ff9999"
            },
            "Burnt Motor Oil": {
                "price": 2.99,
                "bg": "#555555"
            }
        }
    },
    "Burgers": {
        "config": {
            "color": "#f39c12",
            "font": "Impact",
            "size": 14
        },
        "items": {
            "Classic Turbo": {
                "price": 4.99,
                "bg": "#ffffff"
            },
            "Twin-Turbo": {
                "price": 6.99,
                "bg": "#ffd700"
            },
            "NOS Infused Pork Sandwich": {
                "price": 5.99,
                "bg": "#ffcc00"
            }
        }
    },
    "Sides": {
        "config": {
            "color": "#2ecc71",
            "font": "Arial",
            "size": 12
        },
        "items": {
            "Piston Rings": {
                "price": 1.99,
                "bg": "#e0e0e0"
            },
            "Rods": {
                "price": 0.99,
                "bg": "#c0c0c0"
            }
        }
    }
}